"_id","dataHoraCriacao","dataHoraAtualizacao","texto","url","usadoParaTreino","alcance","grupoEmpresarial","viesPoliticoFonte","autores"
"ObjectId(""65d2436230509d0b55538e8d"")","2024-02-18T14:50:26.848Z","2024-02-18T14:50:26.848Z","Tema foi debatido nesta quarta-feira (1º), em seminário na Câmara dos Deputados 
                      01/11/2023 - 19:20  
                     

Zeca Ribeiro/Câmara dos Deputados

Joaquim Passarinho: a reforma precisa dar mais eficiência ao Estado

Deputados e empresários defenderam a reforma administrativa (PEC 32/20) como forma de gerar corte de privilégios, incentivar a meritocracia, aumentar a eficiência, implantar avaliações e metas, acabar com cargos obsoletos e reduzir o tamanho do Estado. O assunto foi debatido nesta quarta-feira (1º), em seminário na Câmara dos Deputados.
O evento foi organizado pelo Instituto Unidos Brasil e apoiado por várias frentes parlamentares e entidades empresariais.
O deputado Joaquim Passarinho (PL-PA), que sugeriu o seminário, disse que a reforma precisa dar mais eficiência ao Estado. “Não é contra servidor, não é para demitir servidor, não é isso. Nós queremos qualidade do gasto, nós queremos que o Estado seja ágil, corresponda ao cidadão que paga o salário dos servidores. Às vezes tem um concurso, e as pessoas entram com muita boa vontade, mas acabam entrando num marasmo, naquele mecanismo atrasado.”
Para o deputado Pedro Lupion (PP-PR), ""o Estado tem que ser menor, tem que ser diminuto e, efetivamente, a vida das pessoas se autorregular"". ""Minha preocupação é quando eu abro os jornais e vejo que a gente já está em R$ 93 bilhões de déficit das contas. Eu vejo que não há compromisso em segurar a gastança"", afirmou.
O presidente do grupo Guararapes, Flávio Rocha, disse que a reforma administrativa é a principal reforma a ser feita. O grupo administra as Lojas Riachuelo e outras empresas.
“Parece que algumas autoridades se perguntam: quanto é possível extorquir da sociedade brasileira. Aonde tiver uma teta, uma fonte de recursos, vamos lá com voracidade total. Estamos vivendo um clima de perdulariedade porque estamos desconectados da pergunta que antecede: que tamanho de Estado precisamos?”, disse Rocha.
Já o presidente do Fórum Nacional Permanente de Carreiras Típicas do Estado, Rudinei Marques, alertou que a discussão sobre a reforma administrativa não pode ser “panfletária”. Ele afirmou que não é verdade que o funcionalismo seja caro, inchado e ineficiente. “Desses 11,5 milhões de servidores, 6,5 milhões estão nos municípios com média salarial de R$ 3 mil. E aí dizem que são supersalários pagos indiscriminadamente. Nos estados, a média é de R$ 6 mil.”
Rudinei Marques disse ainda que a relação entre total de servidores e tamanho da população brasileira é metade da média dos países desenvolvidos.
O projeto da Lei Orçamentária de 2024 (PLN 29/23) tem despesas de R$ 5,4 trilhões. Metade está relacionada aos pagamentos da dívida pública. Do restante, 13,3% é pessoal, ou R$ 407,1 bilhões.
Tramitação da reforma
        A reforma administrativa (PEC 32/20) foi apresentada ao Congresso Nacional pelo governo do ex-presidente Jair Bolsonaro e foi aprovada em 2021 na Comissão de Constituição e Justiça e de Cidadania (CCJ) e em comissão especial que fez alterações no texto. Desde então, a proposta aguarda inclusão na pauta do Plenário da Câmara.
Saiba mais sobre a tramitação de propostas de emenda à Constituição
 Deputados e empresários defenderam a reforma administrativa (PEC 32/20) como forma de gerar corte de privilégios, incentivar a meritocracia, aumentar a eficiência, implantar avaliações e metas, acabar com cargos obsoletos e reduzir o tamanho do Estado. O assunto foi debatido nesta quarta-feira (1º), em seminário na Câmara dos Deputados. O evento foi organizado pelo Instituto Unidos Brasil e apoiado por várias frentes parlamentares e entidades empresariais. O deputado Joaquim Passarinho (PL-PA), que sugeriu o seminário, disse que a reforma precisa dar mais eficiência ao Estado. “Não é contra servidor, não é para demitir servidor, não é isso. Nós queremos qualidade do gasto, nós queremos que o Estado seja ágil, corresponda ao cidadão que paga o salário dos servidores. Às vezes tem um concurso, e as pessoas entram com muita boa vontade, mas acabam entrando num marasmo, naquele mecanismo atrasado.” Para o deputado Pedro Lupion (PP-PR), ""o Estado tem que ser menor, tem que ser diminuto e, efetivamente, a vida das pessoas se autorregular"". ""Minha preocupação é quando eu abro os jornais e vejo que a gente já está em R$ 93 bilhões de déficit das contas. Eu vejo que não há compromisso em segurar a gastança"", afirmou. O presidente do grupo Guararapes, Flávio Rocha, disse que a reforma administrativa é a principal reforma a ser feita. O grupo administra as Lojas Riachuelo e outras empresas. “Parece que algumas autoridades se perguntam: quanto é possível extorquir da sociedade brasileira. Aonde tiver uma teta, uma fonte de recursos, vamos lá com voracidade total. Estamos vivendo um clima de perdulariedade porque estamos desconectados da pergunta que antecede: que tamanho de Estado precisamos?”, disse Rocha. Já o presidente do Fórum Nacional Permanente de Carreiras Típicas do Estado, Rudinei Marques, alertou que a discussão sobre a reforma administrativa não pode ser “panfletária”. Ele afirmou que não é verdade que o funcionalismo seja caro, inchado e ineficiente. “Desses 11,5 milhões de servidores, 6,5 milhões estão nos municípios com média salarial de R$ 3 mil. E aí dizem que são supersalários pagos indiscriminadamente. Nos estados, a média é de R$ 6 mil.” Rudinei Marques disse ainda que a relação entre total de servidores e tamanho da população brasileira é metade da média dos países desenvolvidos. O projeto da Lei Orçamentária de 2024 (PLN 29/23) tem despesas de R$ 5,4 trilhões. Metade está relacionada aos pagamentos da dívida pública. Do restante, 13,3% é pessoal, ou R$ 407,1 bilhões. Tramitação da reforma
        A reforma administrativa (PEC 32/20) foi apresentada ao Congresso Nacional pelo governo do ex-presidente Jair Bolsonaro e foi aprovada em 2021 na Comissão de Constituição e Justiça e de Cidadania (CCJ) e em comissão especial que fez alterações no texto. Desde então, a proposta aguarda inclusão na pauta do Plenário da Câmara. Saiba mais sobre a tramitação de propostas de emenda à Constituição Reportagem – Silvia MugnattoEdição – Pierre Triboli Ouça esta matéria na Rádio Câmara 
                  A reprodução das notícias é autorizada desde que contenha a assinatura 'Agência Câmara Notícias'.
               
                                Use esse formulário para comunicar erros ou fazer sugestões sobre o novo portal da Câmara dos Deputados.
                                Para qualquer outro assunto, utilize o Fale Conosco.
                             Sua mensagem foi enviada. 

","https://www.camara.leg.br/noticias/1013386-parlamentares-e-empresarios-favoraveis-a-reforma-administrativa-pedem-prioridade-para-votacao-da-proposta/",false,"","","",""
"ObjectId(""65d24cca8ae0f848d86fa34a"")","2024-02-18T18:30:34.345Z","2024-02-18T18:30:34.345Z","Marca conta com 14 modelos destinados ao dia a dia de trabalhadores da construção civil, marceneiros, serralheiros, mecânicos, entre tantos outros São Paulo, janeiro de 2024 – Uma das principais fabricantes de ferramentas manuais e acessórios do mundo, a IRWIN é referência também quando os assuntos são armazenamento e transporte dos produtos usados no dia a dia da construção civil. A marca conta com uma linha completa de malas, bolsas e mochilas, desenvolvidas exclusivamente para uso do profissional que atua em áreas como marcenaria, serralheria, mecânica, entre tantas outras. Sinônimo de resistência e durabilidade, os 14 modelos oferecidos pela IRWIN estão divididos entre as linhas Foundation, Defender e Commander. A Foundation conta com 3 itens, todos eles produzidos em poliéster e lona com estrutura de metal. Além disso, têm filamento de 600 Deniers, que oferece maior reforço nas áreas com mais atrito, pés de apoio emborrachados e alças ajustáveis aconchegantes. Já a linha Defender possui 8 itens, que também têm estrutura de metal entre as malhas e são revestidos em poliéster e lona. Com pés emborrachados, possuem tecido com resistência similar à de bolsas militares, de 1.680 Deniers. Por fim, a linha Commander é composta por 3 itens, todos eles de 1.680 Deniers. Os modelos proporcionam maior reforço nas áreas com mais atrito e têm como grande diferencial o fato de a base toda ser emborrachada, resistente a impactos e impermeável. “Os produtos para armazenamento e transporte de ferramentas fazem parte da história da IRWIN. Somos pioneiros nesse segmento e, agora, voltamos a investir pesado nas linhas de malas, bolsas e mochilas, em busca de levar qualidade e robustez aos nossos clientes profissionais”, afirma Paulo Penna, gerente de Marketing da IRWIN. Sobre a IRWIN A IRWIN é uma marca da empresa Stanley Black&Decker, que conta com ferramentas manuais, acessórios para ferramentas elétricas e também acessórios para profissionais, especialmente desenvolvidos para atender às necessidades de trabalhadores das áreas da construção civil, marcenaria, mecânica, metalúrgica, elétrica, carpintaria, manutenção e reparo. Há mais de 55 anos no mercado brasileiro, tem distribuição em todo o território nacional e conta com um portfólio completo de produtos capazes de atingir rígidos padrões de performance, durabilidade, eficiência e inovação, como brocas, ferramentas manuais e de corte, além de itens para segurança e armazenagem.  Diego Matus 

Salve meu nome, e-mail e site neste navegador para a próxima vez que eu comentar.
 Notifique-me por e-mail quando este comentário for respondido.  

  Δ  Seu portal colaborativo de notícias e opiniões jurídicas.","https://jornaltribuna.com.br/2024/01/irwin-aposta-em-linhas-de-malas-e-mochilas-para-transporte-e-armazenagem-de-ferramentas-profissionais/",false,"","","",""