identificador,headline,texto_path,url,fonte,grupo_empresarial,local_fonte,autores,data,polaridade_headline,polaridade_texto,vies_politico,protagonismo_naval,alcance,fratricidio,identificador,objetivo
1,Operação da GLO não deve impactar comércio exterior no Porto de Santos, ,https://www.atribuna.com.br/noticias/portomar/operacao-da-glo-nao-deve-impactar-comercio-exterior-no-porto-de-santos,a tribuna,a tribuna,online,,09/11/23,positivo,positivo,,,nacional,,1,combate ao trafico de drogas
2,Entenda como vai funcionar a GLO nos portos e aeroportos de SP e do RJ, ,https://www.santaportal.com.br/ultimas-noticias/16h-entenda-como-vai-funcionar-a-glo-nos-portos-e-aeroportos-de-sp-e-do-rj,santa portal,,Santos-SP,,06/11/23,neutro,positivo,,,local,,2,combate ao trafico de drogas
3,Lula diz que ação das Forças Armadas vai tirar 'definitivamente' o poder do crime organizado, ,https://noticias.r7.com/brasilia/vamos-definitivamente-tirar-o-poder-das-organizacoes-criminosas-diz-lula-sobre-glo-07112023,r7,,Brasília-DF,,07/11/23,positivo,positivo,,,nacional,,3,combate ao trafico de drogas
4,Especialistas veem  com ceticismo GLO do governo Lula em portos e aeroportos,  ,https://www.brasildefato.com.br/2023/11/07/especialistas-veem-com-ceticismo-glo-do-governo-lula-em-portos-e-aeroportos,brasil de fato,,Brasília-DF,,07/11/23,negativo,negativo,,,nacional,,4,combate ao trafico de drogas
5,GLO: Marinha usa blindado levado ao Haiti e navios-patrulha que participaram de ação na África, ,https://oglobo.globo.com/rio/noticia/2023/11/07/em-glo-no-rio-e-sao-paulo-marinha-tera-lanchas-blindadas-e-navio-com-radar-para-detectar-a-direcao-de-tiros.ghtml,o globo,,Rio-RJ,,07/11/23,positivo,positivo,,sim,,,5,combate ao trafico de drogas
6,Presidente do Porto de Santos fala em “ação sutil” da GLO para não afetar movimentação de carga e descarga, ,https://www.cnnbrasil.com.br/nacional/presidente-do-porto-de-santos-fala-em-acao-sutil-da-glo-para-nao-afetar-movimentacao-de-carga-e-descarga/,cnn,cnn,online,,06/11/23,positivo,positivo,,,,,6,combate ao trafico de drogas
7,Lula diz que GLO no Rio e em SP é para 'definitivamente tirar poder do crime organizado', ,https://oglobo.globo.com/rio/noticia/2023/11/07/lula-diz-que-glo-no-rio-e-em-sp-e-para-definitivamente-tirar-poder-do-crime-organizado.ghtml, o globo,globo,Rio-RJ,,07/11/23,positivo,positivo,,,,,7,combate ao trafico de drogas
8,Comandante da Marinha defende GLO e diz que operações focam em portos, ,https://www.band.uol.com.br/noticias/comandante-da-marinha-defende-glo-e-diz-que-operacoes-focam-em-portos-16645372, Band Uol,uol,online,,06/11/23,positivo,positivo,,,,,8,combate ao trafico de drogas
9,Governo Lula batiza operação no Rio de “GLO do Mar”, ,https://www.cnnbrasil.com.br/politica/governo-lula-batiza-operacao-no-rio-de-glo-do-mar/,cnn,cnn,online,,06/11/23,neutro,neutro,,,,,9,combate ao trafico de drogas
10,Lula diz que GLO no Rio e em SP é para 'definitivamente tirar poder do crime organizado', ,https://extra.globo.com/rio/casos-de-policia/noticia/2023/11/lula-diz-que-glo-no-rio-e-em-sp-e-para-definitivamente-tirar-poder-do-crime-organizado.ghtml,extra ,globo,Rio-RJ,,07/11/23,positivo,positivo,,,,,10,combate ao trafico de drogas
11,"GLO de Lula é ineficaz, contraproducente e enviesada", ,"https://www.gazetadopovo.com.br/vozes/deltan-dallagnol/glo-de-lula-e-ineficaz-contraproducente-e-enviezada/#:~:text=Al%C3%A9m%20da%20GLO%20de%20Lula,de%20forma%20sist%C3%AAmica%20a%20criminalidade",gazeta do povo,gazeta do povo,online,,09/11/23,negativo,negativo,,,,,11,combate ao trafico de drogas
12,Militares da FAB vão pedir câmeras corporais para GLO em aeroportos, ,https://www1.folha.uol.com.br/cotidiano/2023/11/militares-da-fab-vao-pedir-cameras-corporais-para-glo-em-aeroportos.shtml,Folha de S.Paulo,uol,online,,08/11/23,neutro,negativo,,,,,12,combate ao trafico de drogas
13,FAB vai mobilizar 600 militares para reforço de ações durante a GLO, ,https://agenciabrasil.ebc.com.br/geral/noticia/2023-11/fab-vai-mobilizar-600-militares-para-reforco-de-acoes-na-glo,ebc,ebc,online,,08/11/23,positivo,positivo,,,,,13,combate ao trafico de drogas
14,Presidente do porto de Santos diz que GLO será positiva e defende sua extensão, ,https://www1.folha.uol.com.br/colunas/painel/2023/11/presidente-do-porto-de-santos-diz-que-glo-sera-positiva-e-defende-sua-extensao.shtml,Folha de S.Paulo,uol,online,,08/11/23,positivo,positivo,,,,,14,combate ao trafico de drogas
15,GLO pode causar custos e atrasos na liberação dos itens aeroportuários, ,https://www.metropoles.com/brasil/glo-pode-causar-custos-e-atrasos-na-liberacao-dos-itens-aeroportuarios,metropole,,brasil,,09/11/23,negativo,negativo,,,,,15,combate ao trafico de drogas
16,Auditores da Receita temem que militares invadam competências com GLO, ,https://www1.folha.uol.com.br/cotidiano/2023/11/auditores-da-receita-temem-que-militares-invadam-competencias-com-glo.shtml,Folha de S.Paulo,uol,online,,08/11/23,negativo,negativo,,,,,16,combate ao trafico de drogas
17,Navio da marinha realiza patrulha no Porto de Santos em ação da GLO Mar, ,https://santaportal.com.br/policia/navio-da-marinha-realiza-patrulha-no-porto-de-santos-em-acao-da-glo-mar, santa portal,,Santos-SP,,09/11/23,neutro,positivo,,,,,17,combate ao trafico de drogas
18, A Tribuna acompanha inspeção em operação da GLO no Porto de Santos , ,https://www.atribuna.com.br/noticias/portomar/a-tribuna-acompanha-inspecao-em-operacao-da-glo-no-porto-de-santos,a tribuna,a tribuna,,,10/11/23,neutro,positivo,,,,,18,combate ao trafico de drogas
19,Militares contra o crime: por que agora daria certo? Analistas comentam, ,https://istoe.com.br/militares-contra-o-crime-por-que-agora-daria-certo-analistas-comentam/,isto e,,,,10/11/23,negativo,negativo,,,,,19,combate ao trafico de drogas
20,Marinha e PF apreendem 2 toneladas de drogas em veleiro alemão na costa da Bahia , ,https://g1.globo.com/ba/bahia/noticia/2023/11/10/marinha-pf-drogas-veleiro-alemao.ghtml ,g1,globo,,,10/11/23,positivo,positivo,,,,,20,combate ao trafico de drogas
21,Ações do governo federal podem melhorar a segurança do Rio de Janeiro? NÃO, ,https://www1.folha.uol.com.br/opiniao/2023/11/acoes-do-governo-federal-podem-melhorar-a-seguranca-do-rio-de-janeiro-nao.shtml ,Folha de S.Paulo,uol,,,11/11/23,negativo,negativo,,,,,21,combate ao trafico de drogas
22,"Na 1ª reunião, comitê da GLO expõe divergências e leva a baixa de militar", ,https://veja.abril.com.br/politica/na-1a-reuniao-comite-da-glo-expoe-divergencias-e-leva-a-baixa-de-militar/amp/ ,veja,,,,11/11/23,negativo,negativo,,,,,22,combate ao trafico de drogas
23,GLO é pirotecnia que não freará o crime organizado, ,https://www.gazetadopovo.com.br/opiniao/editoriais/glo-e-pirotecnia-que-nao-freara-o-crime-organizado/ ,gazeta do povo,gazeta do povo,,,11/11/23,negativo,negativo,,,,,23,combate ao trafico de drogas
24,GLO: almirante fala grosso em reunião de comitê e ministro o substitui por civil, ,https://www.montedo.com.br/2023/11/12/glo-almirante-fala-grosso-em-reuniao-de-comite-e-ministro-o-substitui-por-civil/ ,montedo,montedo,,,11/11/23,negativo,negativo,,,,,24,combate ao trafico de drogas
25,Marinha aborda mais de 500 embarcações na primeira semana da operação GLO , ,https://www.band.uol.com.br/bandnews-fm/rio-de-janeiro/noticias/marinha-aborda-mais-de-500-embarcacoes-na-primeira-semana-da-operacao-glo-16647086 ,band,uol,,,13/11/23,positivo,positivo,,,,,25,combate ao trafico de drogas
26,“GLO do Mar” completa uma semana de atividades, ,https://www.marinha.mil.br/agenciadenoticias/glo-do-mar-completa-uma-semana-de-atividade,marinha,marinha,online,,13/11/23,neutro,positivo,,,,,26,combate ao trafico de drogas
27,Marinha apreendeu seis embarcações na primeira semana de GLO nos portos, ,https://veja.abril.com.br/coluna/radar/marinha-apreendeu-seis-embarcacoes-na-primeira-semana-de-glo-nos-portos,veja,,,,14/11/23,positivo,positivo,,,,,27,combate ao trafico de drogas
28,Governo Lula tenta debelar nova disputa entre PF e Forças Armadas , ,https://www1.folha.uol.com.br/poder/2023/11/governo-lula-tenta-debelar-nova-disputa-entre-pf-e-forcas-armadas.shtml,Folha de S.Paulo,uol,,,14/11/23,negativo,negativo,,,,,28,combate ao trafico de drogas
29,Marinha do Brasil divulga como funcionam os sistemas de visualização de navios que auxiliam durante as ações da GLO, ,https://cbn.globoradio.globo.com/media/audio/425252/marinha-apresenta-estrutura-usada-em-operacoes-da-.htm,cbn,globo,,,14/11/23,neutro,positivo,,,,,29,combate ao trafico de drogas
30,Marinha apresenta sistemas que monitoram o tráfego marítimo durante a operação de GLO, ,https://odia.ig.com.br/rio-de-janeiro/2023/11/6741650-marinha-apresenta-sistemas-que-monitoram-o-trafego-maritimo-durante-a-operacao-de-glo.html,o dia,ig,Rio-RJ,,14/11/23,neutro,positivo,,,,,30,combate ao trafico de drogas
31,Marinha apresenta estrutura usada em operações da GLO em portos e aeroportos, ,https://cbn.globoradio.globo.com/media/audio/425252/marinha-apresenta-estrutura-usada-em-operacoes-da-.htm ,cbn,globo,,,14/11/23,neutro,positivo,,,,,31,combate ao trafico de drogas
32,Marinha usa lanchas blindadas e navio com metralhadoras em operação no Rio, ,https://www.estadao.com.br/brasil/embarcacoes-usadas-pela-marinha-na-glo-incluem-navio-patrulha-e-lanchas-blindadas-veja-fotos/,estadãp,estadãp,,,14/11/23,positivo,positivo,,,,,32,combate ao trafico de drogas
33,Marinha aborda 125 embarcações no porto de santos em uma semana de GLO, ,https://www.atribuna.com.br/noticias/portomar/marinha-aborda-125-embarcacoes-no-porto-de-santos-em-uma-semana-de-glo,a tribuna,a tribuna,online,Bárbara Farias,15/11/23,positivo,positivo,,,,,33,combate ao trafico de drogas
34,Reforço Vital na ‘GLO do Mar’ e Resgate Heroico no Litoral do Rio, ,https://www.defesa.tv.br/2023/11/15/reforco-vital-na-glo-do-mar-e-resgate-heroico-no-litoral-do-rio/,defesa,defesa,online,Marcelo Barros,15/11/23,positivo,positivo,,,,,34,combate ao trafico de drogas
35,Receita Federal e Marinha do Brasil intensificam fiscalização no Porto de Itaguaí, , https://odia.ig.com.br/rio-de-janeiro/2023/12/6759317-receita-federal-e-marinha-do-brasil-intensificam-fiscalizacao-no-porto-de-itaguai.html,o dia,ig,Rio-RJ,,15/11/23,positivo,positivo,,,,,35,combate ao trafico de drogas
36,Receita Federal e Marinha realizam ação de combate ao contrabando no Porto de Itagua, ,https://diariodorio.com/receita-federal-e-marinha-realizam-acao-contra-o-contrabando-no-porto-de-itaguai/,diario do rio,,online,Victor Serra,15/11/23,positivo,positivo,,,,,36,combate ao trafico de drogas
37,"Marinha, Receita e Polícia Federal apertam o cerco na Baía de Guanabara com a GLO.", ,https://www.tupi.fm/sentinelas/marinha-recebe-novas-viaturas-blindadas-para-o-corpo-de-fuzileiros-navais,tupi,,online,,16/11/23,positivo,positivo,,,,,37,combate ao trafico de drogas
38,Novos blindados dos EUA reforçam Marinha em GLO nos portos, ,https://veja.abril.com.br/coluna/radar/novos-blindados-dos-eua-reforcam-marinha-em-glo-nos-portos, veja,abril,online,Ramiro Brites ,17/11/23,positivo,positivo,,,,,38,combate ao trafico de drogas
39,GLO de portos e aeroportos é um show sem eficácia para combater o narcotráfico, ,https://www.estadao.com.br/politica/glo-de-portos-e-aeroportos-e-um-show-sem-eficacia-para-combater-o-narcotrafico-diz-anais-passos/ ,estadãp,estadãp,online,Anaís Medeiros Passos,19/11/23,negativo,negativo,,,,,39,combate ao trafico de drogas
40,Marinha realiza quase 5 mil procedimentos em operação “GLO do Mar, ,https://www.cnnbrasil.com.br/nacional/marinha-realiza-quase-5-mil-procedimentos-em-operacao-glo-do-mar/,cnn,cnn,online,Leonardo Ribeiro,20/11/23,positivo,positivo,,,,,40,combate ao trafico de drogas
41,Marinhas do Brasil e EUA impõem prejuízo bilionário a traficantes ligados a PCC e à Máfia dos Bálcãs, ,https://www.estadao.com.br/politica/marcelo-godoy/o-prejuizo-bilionario-de-traficantes-ligados-ao-pcc-e-da-mafia-dos-balcas-na-rota-transatlantica/,estadãp,estadãp,,Marcelo Godoy,20/11/23,positivo,positivo,,,,,41,combate ao trafico de drogas
42,Marinha recebe novas viaturas blindadas para o Corpo de Fuzileiros Navais, ,https://www.portalr3.com.br/2023/11/24/marinha-recebe-novas-viaturas-blindadas-para-o-corpo-de-fuzileiros-navais/,portal r3,portal r3,,,24/11/23,positivo,positivo,,,,,42,combate ao trafico de drogas
43,"GLO, péssima ideia, por Manuel Domingos Neto e Luiz Eduardo Soares", ,https://www.aryramos.pro.br/glo-pessima-ideia-por-manuel-domingos-neto-e-luiz-eduardo-soares/,ary ramos,ary ramos,,Manuel Domingos. Luiz Eduardo Soares,23/11/23,negativo,negativo,,,,,43,combate ao trafico de drogas
44,Garantia de Lei e da Ordem nos Portos Brasileiros: O impacto nas Operações Comerciais, ,https://jornalempresasenegocios.com.br/artigos/garantia-de-lei-e-ordem-nos-portos-brasileiros-o-impacto-nas-operacoes-comerciais/,jornal empresas e negocios,jornal empresas e negocios,online,Larry Carvalho ,23/11/23,negativo,negativo,,,,,44,combate ao trafico de drogas
45,Militares da Marinha atuam em apreensão de drogas e armas no litoral de São Paulo, ,https://www.defesanet.com.br/naval/militares-da-marinha-atuam-em-apreensao-de-drogas-e-armas-no-litoral-de-sao-paulo/,defesa net,,,Ricardo Fan,01/12/23,positivo,positivo,,,,,45,combate ao trafico de drogas
46,Operação Navegação Segura da Polícia Civil com Apoio da Marinha Apreende Armas e Drogas em Guarujá, ,https://www.defesaemfoco.com.br/operacao-navegacao-segura-da-policia-civil-com-apoio-da-marinha-apreende-armas-e-drogas-em-guaruja/ ,defesa em foco,,,Marcelo Barros,30/11/23,positivo,positivo,,,,,46,combate ao trafico de drogas
47,Ministério da Justiça quer replicar modelo de GLO com Receita e PRF, ,https://www.montedo.com.br/2023/12/05/ministerio-da-justica-quer-replicar-modelo-de-glo-com-receita-e-prf/,montedo,,online,,05/12/23,neutro,negativo,,,,,47,combate ao trafico de drogas
48,Marinha do Brasil e Receita Federal Ampliam Vigilância no Porto de Itaguaí para Combater o Crime Organizado, ,"https://www.defesa.tv.br/2023/12/18/marinha-do-brasil-e-receita-federal-ampliam-vigilancia-no-porto-de-itaguai-para-combater-o-crime-organizado/#:~:text=Marinha%20do%20Brasil-,Marinha%20do%20Brasil%20e%20Receita%20Federal%20Ampliam%20Vigil%C3%A2ncia%20no%20Porto,para%20Combater%20o%20Crime%20Organizado&text=Entre%20os%20dias%2013%20e,Itagua%C3%AD%2C%20no%20Rio%20de%20Janeiro.",defesa ,,online,Marcelo Barros,18/12/23,positivo,positivo,,,,,48,combate ao trafico de drogas
49,Marinha do Brasil e Receita Federal ampliam vigilância para combater o crime organizado , ,https://canalcienciascriminais.com.br/acao-da-marinha-e-receita-federal/,canal ciencias criminais,  ,online,EVELYN DA SILVA GONÇALVES,19/12/23,positivo,positivo,,,,,49,combate ao trafico de drogas
50,Ação interagências resulta em nova apreensão de drogas no Porto de Santos, ,https://www.marinha.mil.br/agenciadenoticias/acao-interagencias-resulta-em-nova-apreensao-de-drogas-no-porto-de-santos,marinha,,online,,20/12/23,positivo,positivo,,,,,50,combate ao trafico de drogas
51,Marinha realiza operação de combate a ilícitos em ilha da Baía de Guanabara, ,https://www.marinha.mil.br/agenciadenoticias/marinha-realiza-operacao-de-combate-ilicitos-em-ilha-da-baia-de-guanabara,marinha,,online,,21/12/23,positivo,positivo,,,,,51,combate ao trafico de drogas
52,MJSP apresenta balanço da GLO nos aeroportos e operações de fronteira, ,https://www.gov.br/mj/pt-br/assuntos/noticias/mjsp-apresenta-balanco-da-glo-nos-aeroportos-e-operacoes-de-fronteira,gov,  ,,,,positivo,positivo,,,,,52,combate ao trafico de drogas
53,"Governo Federal entrega 700 viaturas e repassa R$ 78 milhões aos estados para investimentos
na segurança pública", ,https://www.gov.br/secom/pt-br/assuntos/noticias/2023/12/governo-federal-entrega-700-viaturas-e-repassa-r-78-milhoes-aos-estados-para-investimentos-na-seguranca-publica,gov,,online,,21/12/23,positivo,positivo,,,,,53,combate ao trafico de drogas
54,Operação Conjunta no Porto de Santos Intercepta Carga de Cocaína com Destino à Europa, ,https://www.defesa.tv.br/2023/12/21/operacao-conjunta-no-porto-de-santos-intercepta-carga-de-cocaina-com-destino-a-europa/,defesa,,online,Marcelo Barros,21/12/23,positivo,positivo,,,,,54,combate ao trafico de drogas
55,Marinha apoia Receita Federal em ação da “GLO do Mar” na Baía de Guanabara, ,https://www.marinha.mil.br/agenciadenoticias/marinha-apoia-receita-federal-em-acao-da-glo-do-mar-na-baia-de-guanabara,marinha,,online,,21/12/23,positivo,positivo,,,,,55,combate ao trafico de drogas
56,Marinha realiza operação de combate a ilícitos em ilha da Baía de Guanabara, ,https://www.defesanet.com.br/naval/marinha-realiza-operacao-de-combate-a-ilicitos-em-ilha-da-baia-de-guanabara/,defesa ,,online,Ricardo Fan,22/12/23,positivo,positivo,,,,,56,combate ao trafico de drogas
57,"Em 3 meses da GLO nos Aeroportos de GRU e GIG, foram apreendidos mais de R$ 1,4 bilhão em bens e drogas", ,https://aeroin.net/em-3-meses-da-glo-nos-aeroportos-de-gru-e-gig-foram-apreendidos-mais-de-r-14-bilhao-em-bens-e-drogas/,aeroin,,online,Juliano gianotto,31/01/24,positivo,positivo,,,,,,combate ao trafico de drogas
