Descrição,Relação Entre Objetos |Classes|Intefaces,Classes e Interfaces Envolvidas,Localizações,Path
Foi criado o teste para a classe Scraping em teste_scraping.py,  ,Scraping | ExtratorParagrafo | Requisicao,004_13012024/webScraping/,
"a classe Scraping  realiza o processo de extração de dados, o metodo responsavelpelo é _processoRaspagem que recebe com parametro duas classe ExtratorParagrafo, Requisicao",composição,Scraping | ExtratorParagrafo | Requisicao,004_13012024/log,
Foi implementado o Log do projeto que fica na pasta log e está em todas a partes do projeto ,   ,   ,,
,  ,   ,   ,
,  ,   ,   ,
  ,  ,   ,   ,  
  ,  ,   ,   ,  
  ,  ,   ,   ,  
  ,  ,   ,   ,  
  ,  ,   ,   ,  
  ,  ,   ,   ,  
  ,  ,   ,   ,  
  ,  ,   ,   ,  
  ,  ,   ,   ,  
  ,  ,   ,   ,  
  ,  ,   ,   ,  
  ,  ,   ,   ,  
  ,  ,   ,   ,  
  ,  ,   ,   ,  
  ,  ,   ,   ,  
  ,  ,   ,   ,  
  ,  ,   ,   ,  
  ,  ,,   ,  
  ,  ,,   ,  
  ,  ,,   ,  
,  ,,,
,  ,,,
